{"results": [{"type": "Feature", "geometry": {"type": "Polygon", "coordinates": [[[-86.0629582, 39.6469677], [-86.062968, 39.6473247], [-86.0632165, 39.6473208], [-86.0632068, 39.6469638], [-86.0629582, 39.6469677]]]}, "properties": {"headline": "6005 Aspen Meadow Dr", "path": "/us/in/marion/franklin/341731", "fields": {"ogc_fid": 341731, "geoid": "18097", "parcelnumb": "3026992", "parcelnumb_no_formatting": "3026992", "alt_parcelnumb1": "49-15-23-106-011.011-300", "alt_parcelnumb2": "3720089", "usecode": "510", "usedesc": "RES ONE FAMILY PLATTED LOT-510", "parvaltype": "ASSESSOR YEAR", "improvval": 292200.0, "landval": 47400.0, "parval": 339600.0, "owner": "KAUR, RACHHPAL", "mailadd": "6005 ASPEN MEADOW DR", "mail_city": "INDIANAPOLIS", "mail_state2": "IN", "mail_zip": "46237", "address": "6005 ASPEN MEADOW DR", "ll_address_count": 1, "ll_bldg_footprint_sqft": 2042, "ll_bldg_count": 1, "dpv_status": "V", "dpv_codes": "YNNNN", "dpv_notes": "AABB", "dpv_type": "S", "cass_errorno": "A1", "rdi": "Y", "usps_vacancy": "N", "usps_vacancy_date": "2023-09-04", "lbcs_activity": 1100.0, "lbcs_activity_desc": "Household", "lbcs_function": 1100.0, "lbcs_function_desc": "Private household", "lbcs_structure": 1100.0, "lbcs_structure_desc": "Single-family buildings", "lbcs_site": 6000.0, "lbcs_site_desc": "Developed site with buildings", "saddno": "6005", "saddstr": "ASPEN MEADOW", "saddsttyp": "DR", "scity": "INDIANAPOLIS", "original_address": "{\"address\":\"6005 ASPEN MEADOW DR\",\"saddno\":\"6005\",\"saddstr\":\"ASPEN MEADOW\",\"saddsttyp\":\"DR\",\"scity\":\"INDIANAPOLIS\",\"szip\":\"46237\"}", "city": "franklin", "county": "marion", "state2": "IN", "szip": "46237-1343", "address_source": "county;accuzip", "legaldesc": "ABBINGTON SEC 3 L77", "lot": "77", "lat": "39.647144", "lon": "-86.063087", "qoz": "No", "census_tract": "18097390409", "census_block": "180973904095002", "census_blockgroup": "180973904095", "ll_last_refresh": "2023-04-11", "gisacre": 0.0, "sqft": 9104.0, "ll_gisacre": 0.2089, "ll_gissqft": 9100, "plss_township": "014N", "plss_section": "Section 23", "plss_range": "004E", "reviseddate": "2019-07-26", "path": "/us/in/marion/franklin/341731", "ll_stable_id": "preserved", "ll_uuid": "b283b9d5-5f0c-4b4d-9d43-abe845b9350d", "ll_updated_at": "2023-09-20 12:11:26 -0400", "stateparcelnumber": "49-15-23-106-011.011-300", "camaparcelid": "3720089", "status": "ACTIVE", "township": "FRANKLIN", "property_class": "RESIDENTIAL", "subdivision_tag": "28446", "neighborhood_code": "3-904A-100", "parcel_tag": 1403313, "parcel_c": "3026992", "subdivision_id": "56755", "tax_district_id": "300", "assessor_district": "SOUTH"}, "context": {"headline": "Franklin, IN", "name": "Franklin, IN", "path": "/us/in/marion/franklin", "active": true}, "field_labels": {"ogc_fid": "Object ID", "geoid": "FIPS Code", "sourceagent": "Source Agent", "parcelnumb": "Parcel ID", "parcelnumb_no_formatting": "Parcel ID without Formatting", "alt_parcelnumb1": "First Alternative Parcel ID", "alt_parcelnumb2": "Second Alternative Parcel ID", "alt_parcelnumb3": "Third Alternative Parcel ID", "usecode": "Parcel Use Code", "usedesc": "Parcel Use Description", "zoning": "Zoning Code", "zoning_description": "Zoning Description", "struct": "Structure on Parcel", "multistruct": "Multiple Structures on Parcel", "structno": "Number of Structures on Parcel", "yearbuilt": "Structure Year Built", "numstories": "Number of Stories", "numunits": "Number of Units", "structstyle": "Structure Style", "parvaltype": "Parcel Value Type", "improvval": "Improvement Value", "landval": "Land Value", "parval": "Total Parcel Value", "agval": "Agricultural Value", "saleprice": "Last Sale Price", "saledate": "Last Sale Date", "taxamt": "Annual Tax Bill", "taxyear": "Tax Year", "owntype": "Owner Type", "owner": "Owner Name", "ownfrst": "Owner First Name", "ownlast": "Owner Last Name", "owner2": "Second Owner Name", "owner3": "Third Owner Name", "owner4": "Fourth Owner Name", "subsurfown": "Subsurface Owner", "subowntype": "Subsurface Owner Type", "mailadd": "Mailing Address", "mail_address2": "Mailing Address Second Line", "careof": "Mailing Address Care Of", "mail_addno": "Mailing Address Street Number", "mail_addpref": "Mailing Address Street Prefix", "mail_addstr": "Mailing Address Street Name", "mail_addsttyp": "Mailing Address Street Type", "mail_addstsuf": "Mailing Address Street Suffix", "mail_unit": "Mailing Address Unit Number", "mail_city": "Mailing Address City", "mail_state2": "Mailing Address State", "mail_zip": "Mailing Address ZIP Code", "mail_country": "Mailing Address Country", "mail_urbanization": "Mailing Address Urbanizacion (Puerto Rico)", "address": "Parcel Address", "homestead_exemption": "Homestead Exemption", "ll_address_count": "Regrid Calculated Total Address Count", "ll_bldg_footprint_sqft": "Regrid Calculated Building Footprint Square Feet", "ll_bldg_count": "Regrid Calculated Building Count", "cdl_raw": "Cropland Data Layer Raw Values", "cdl_majority_category": "Cropland Data Layer Majority Category", "cdl_majority_percent": "Cropland Data Layer Majority Percent", "cdl_date": "Cropland Data Layer Date", "ll_row_parcel": "Regrid Right-of-Way Parcel Flag", "dpv_status": "USPS Delivery Point Validation", "dpv_codes": "Delivery Point Validation Codes", "dpv_notes": "Delivery Point Validation Notes", "dpv_type": "Delivery Point Match Type", "cass_errorno": "CASS Error Codes", "rdi": "Residential Delivery Indicator", "usps_vacancy": "USPS Vacancy Indicator", "usps_vacancy_date": "USPS Vacancy Indicator Date", "padus_public_access": "PAD-US Public Access Designation", "lbcs_activity": "Land Use Code: Activity", "lbcs_activity_desc": "Land Use Code Description: Activity", "lbcs_function": "Land Use Code: Function", "lbcs_function_desc": "Land Use Code Description: Function", "lbcs_structure": "Land Use Code: Structure", "lbcs_structure_desc": "Land Use Code Description: Structure", "lbcs_site": "Land Use Code: Site", "lbcs_site_desc": "Land Use Code Description: Site", "lbcs_ownership": "Land Use Code: Ownership", "lbcs_ownership_desc": "Land Use Code Description: Ownership", "address2": "Parcel Address Second Line", "saddno": "Parcel Address Number", "saddpref": "Parcel Address Prefix", "saddstr": "Parcel Address Street Name", "saddsttyp": "Parcel Address Street Type", "saddstsuf": "Parcel Address Street Suffix", "sunit": "Parcel Address Unit", "scity": "Parcel Address City", "original_address": "Original Parcel Address", "city": "US Census County Subdivision", "county": "Parcel Address County", "state2": "Parcel Address State", "szip": "Parcel Address Zip Code", "urbanization": "Parcel Urbanizacion", "location_name": "Location Name", "address_source": "Primary Address Source", "legaldesc": "Legal Description", "plat": "Plat", "book": "Book", "page": "Page", "block": "Block", "lot": "Lot", "neighborhood": "Neighborhood", "subdivision": "Subdivision", "lat": "Latitude", "lon": "Longitude", "qoz": "Federal Qualified Opportunity Zone", "qoz_tract": "Qualified Opportunity Zone Tract Number", "census_tract": "Census 2020 Tract", "census_block": "Census 2020 Block", "census_blockgroup": "Census 2020 Blockgroup", "sourceref": "Source Document Reference", "sourcedate": "Source Document Date", "ll_last_refresh": "Last County Refresh Date", "sourceurl": "Source URL", "recrdareatx": "Recorded Area (text)", "recrdareano": "Total Square Footage of Structures", "gisacre": "County-Provided Acres", "sqft": "County-Provided Parcel Square Feet", "ll_gisacre": "Calculated Acres", "ll_gissqft": "Calculated Parcel Sq Ft", "plss_township": "PLSS Township", "plss_section": "PLSS Section", "plss_range": "PLSS Range", "reviseddate": "Date of Last Revision", "path": "Parcel Path", "ll_stable_id": "Stable ID Status", "ll_uuid": "LL_UUID", "ll_stack_uuid": "Parcel Stack UUID", "ll_updated_at": "Last Modified", "stateparcelnumber": "State Parcel Number", "camaparcelid": "CAMA Parcel ID", "status": "Status", "township": "Township", "property_class": "Property Class", "subdivnum": "Subdivision Number", "subdivision_tag": "Subdivision Tag", "neighborhood_code": "Neighborhood Code", "parcel_tag": "Parcel Tag", "parcel_c": "Parcel Class", "subdivision_id": "Subdivision", "tax_district_id": "Tax District", "assessor_district": "Assessor District"}, "ll_uuid": "b283b9d5-5f0c-4b4d-9d43-abe845b9350d", "addresses": [{"a_id": "195267664", "a_address": "6005 Aspen Meadow Dr", "a_saddno": "6005", "a_saddpref": null, "a_saddstr": "Aspen Meadow", "a_saddsttyp": "Dr", "a_saddstsuf": null, "a_sunit": null, "a_szip5": "46237", "a_szip": "46237-1343", "a_carte": "R097", "a_crtype": "R", "a_scity": "Indianapolis", "a_state2": "IN", "a_county": "Marion", "a_delvseqno": "00557", "a_usps_elotseq": "0299", "a_usps_elotsort": "A", "a_resbus": "R", "a_dpv_confirm": "Y", "a_dpv_footnotes": "AABB", "a_dp_digits": "05", "a_dp_check": "2", "a_default_match": "0", "a_lacsflag": "0", "a_usps_vacancy": "N", "a_nostats": "N", "a_error_code": "0", "a_dpv_type": "S", "a_geocodetype": "PC", "a_moddate": "Jan 28 2022 12:00AM", "a_census_blockgroup": "180973904095", "a_lat": "39.647144", "a_lon": "-86.063087", "a_geoid": "18097", "ll_uuid": "b283b9d5-5f0c-4b4d-9d43-abe845b9350d"}], "enhanced_ownership": [{"ll_uuid": "b283b9d5-5f0c-4b4d-9d43-abe845b9350d", "attom_id": "330569135", "eo_geoid": "18097", "eo_last_refresh": "2022-08-08", "eo_owner": "RACHHPAL KAUR", "eo_ownerfirst": "RACHHPAL", "eo_ownermiddle": null, "eo_ownerlast": "KAUR", "eo_ownersuffix": null, "eo_owner2": null, "eo_owner2first": null, "eo_owner2middle": null, "eo_owner2last": null, "eo_owner2suffix": null, "eo_owner3": null, "eo_owner3first": null, "eo_owner3middle": null, "eo_owner3suffix": null, "eo_owner3last": null, "eo_owner4": null, "eo_owner4first": null, "eo_owner4middle": null, "eo_owner4last": null, "eo_owner4suffix": null, "eo_mail_county": "MARION", "eo_mail_geoid": "18097", "eo_mail_address": "6005 ASPEN MEADOW DR", "eo_mail_addno": "6005", "eo_mail_addpref": null, "eo_mail_addstr": "ASPEN MEADOW", "eo_mail_addstsuf": "DR", "eo_mail_adddir": null, "eo_mail_unitpref": null, "eo_mail_unit": null, "eo_mail_city": "INDIANAPOLIS", "eo_mail_state2": "IN", "eo_mail_zip": "46237", "eo_mail_zip4": "1343", "eo_mail_carte": "R097", "eo_mail_addressinfoformat": "S", "eo_deedowner": "RACHHPAL KAUR", "eo_deedownerfirst": "RACHHPAL", "eo_deedownermiddle": null, "eo_deedownerlast": "KAUR", "eo_deedownersuffix": null, "eo_deedowner2": null, "eo_deedowner2first": null, "eo_deedowner2middle": null, "eo_deedowner2last": null, "eo_deedowner2suffix": null, "eo_deedowner3": null, "eo_deedowner3first": null, "eo_deedowner3middle": null, "eo_deedowner3last": null, "eo_deedowner3suffix": null, "eo_deedowner4": null, "eo_deedowner4first": null, "eo_deedowner4middle": null, "eo_deedowner4last": null, "eo_deedowner4suffix": null, "ogc_fid": 52493539}], "score": 92.0}, "id": 341731}], "buildings": [{"type": "Feature", "geometry": {"type": "MultiPolygon", "coordinates": [[[[-86.063037013, 39.647119622], [-86.06319277599994, 39.6471247320001], [-86.06318550299994, 39.647252388], [-86.06302974, 39.6472472780001], [-86.063037013, 39.647119622]]]]}, "properties": {"ed_str_uuid": "c9a3e2b0-3d75-4ac6-920a-20f3de22e115", "ed_bld_uuid": "7e29fcf7-73eb-45e1-8b5f-dad3ebb3c98c", "ed_geoid": "18097", "ed_lat": 39.647186005, "ed_lon": -86.0631112579999, "ed_bldg_footprint_sqft": 2043.45287008972, "ed_largest": 1, "ed_source": "Aerial Imagery", "ed_source_date": "06/12/2020", "ll_uuids": ["b283b9d5-5f0c-4b4d-9d43-abe845b9350d"]}, "id": 134621941}]}